"Ticker","Company Name"
"SEPN","SEPTERNA INC CMN"
"SGMT","SAGIMET BIOSCI A CS"
"SIGA","SIGA TECH CMN STK"
"SION","SIONNA THERAPEUTICS,"
"SLDB","SOLID BIOSCIENCES CM"
"SLN","SILENCE THERA ADS"
"SMMT","SUMMIT THERAPEUT CMN"
"SNDX","SYNDAX PHARMA COMMON"
"SNY","SANOFI ADS"
"SPRY","ARS PHARMA INC CMN"
"SRPT","SAREPTA THERAPEUTICS"
"SRRK","SCHOLAR ROCK HOLD CM"
"STOK","STOKE THERAPTCS CM"
"SUPN","SUPERNUS PHARM"
"SVRA","SAVARA INC CMN STK"
"SYRE","SPYRE THERAPEUTIC CM"
"TARS","TARSUS PHARMA CM"
"TBPH","THERAVANCE BIO ORD"
"TECX","TECTONIC THERA CMN"
"TEM","TEMPUS AI CS A"
"TERN","TERNS PHARMA CM"
"TKNO","ALPHA TEKNOVA CMN"
"TNGX","TANGO THERAPEUTICS"
"TNYA","TENAYA THERAPEUTI CS"
"TRDA","ENTRADA THERA CMN"
"TRVI","TREVI THERAPEUTIC CM"
"TSHA","TAYSHA GENE THERA CM"
"TVTX","TRAVERE THERAPEUTICS"
"TWST","TWIST BIOSCIENCE CM"
"TXG","10X GENOMICS CMN A"
"TYRA","TYRA BIOSCIENCES CS"
"UPB","UPSTREAM BIO CMN"
"URGN","UROGEN PHARMA ORD"
"UTHR","UNITED THERAPEUTIC"
"VCEL","VERICEL CORPROATION"
"VCYT","VERACYTE, INC."
"VERA","VERA THERPTCS CM A"
"VIR","VIR BIOTECH CMN STK"
"VNDA","VANDA PHARMACEUTICAL"
"VOR","VOR BIOPHARMA CMN"
"VRTX","VERTEX PHARMACEUTIC"
"VTRS","VIATRIS INC. CMN STK"
"VTYX","VENTYX BIOSCIENCES,"
"VYGR","VOYAGER THERAPEUT CM"
"WVE","WAVE LIFE SCI ORD SH"
"XENE","XENON PHARMACE CM SH"
"XERS","XERIS BIPHM HLDG CMN"
"XNCR","XENCOR, INC."
"ZBIO","ZENAS BIOPHARMA, INC"
"ZLAB","ZAI LAB LTD ADS"
"ZVRA","ZEVRA THERAPTC CMN"
"ZYME","ZYMEWORKS CMN"
