Symbol,Name,Last Sale,Net Change,% Change,Market Cap,Country,IPO Year,Volume,Sector,Industry
A,Agilent Technologies Inc. Common Stock,$146.36,-0.38,-0.259%,41493122496.00,United States,1999,1310513,Industrials,Biotechnology: Laboratory Analytical Instruments
AA,Alcoa Corporation Common Stock ,$38.79,1.47,3.939%,10045214801.00,United States,2016,5675940,Industrials,Aluminum
AACB,Artius II Acquisition Inc. Class A Ordinary Shares,$10.26,0.0103,0.10%,0.00,United States,2025,9959,,
AACBR,Artius II Acquisition Inc. Rights,$0.31,0.00,0.00%,0.00,United States,2025,67,,
AACBU,Artius II Acquisition Inc. Units,$10.49,0.00,0.00%,0.00,United States,2025,14,Finance,Blank Checks
AACG,ATA Creativity Global American Depositary Shares,$1.3176,0.1276,10.723%,42046444.00,China,2008,29045,Real Estate,Other Consumer Services
AAL,American Airlines Group Inc. Common Stock,$13.31,-0.34,-2.491%,8785751248.00,United States,,53798688,Consumer Discretionary,Air Freight/Delivery Services
AAM,AA Mission Acquisition Corp. Class A Ordinary Shares,$10.67,0.0299,0.281%,0.00,,2024,1188,,
AAME,Atlantic American Corporation Common Stock,$2.90,0.01,0.346%,59151961.00,United States,,18101,Finance,Life Insurance
AAMI,Acadian Asset Management Inc. Common Stock,$45.22,0.75,1.687%,1614766406.00,United Kingdom,2014,153284,Finance,Investment Managers
AAOI,Applied Optoelectronics Inc. Common Stock,$25.42,-3.15,-11.026%,1735637360.00,United States,2013,9289622,Technology,Semiconductors
AAON,AAON Inc. Common Stock,$105.79,0.26,0.246%,8636066996.00,United States,,1090695,Industrials,Industrial Machinery/Components
AAP,Advance Auto Parts Inc.,$47.55,-1.12,-2.301%,2854057750.00,United States,,1448283,Consumer Discretionary,Auto & Home Supply Stores
AAPG,Ascentage Pharma Group International American Depository Shares,$32.40,0.67,2.112%,2820959298.00,China,2025,3298,Health Care,Biotechnology: Pharmaceutical Preparations
AAPL,Apple Inc. Common Stock,$269.43,1.22,0.455%,3981192788790.00,United States,1980,41281174,Technology,Computer Manufacturing
AARD,Aardvark Therapeutics Inc. Common Stock,$10.44,0.30,2.959%,226515563.00,United States,2025,133524,Health Care,Biotechnology: Pharmaceutical Preparations
AAT,American Assets Trust Inc. Common Stock,$19.19,-0.13,-0.673%,1173517281.00,United States,2011,255680,Real Estate,Real Estate Investment Trusts
AAUC,Allied Gold Corporation Common Shares,$16.41,0.96,6.214%,2034840000.00,,2025,333932,,
AB,AllianceBernstein Holding L.P.  Units,$39.39,0.25,0.639%,3584224157.00,United States,,112644,Finance,Investment Managers
ABAT,American Battery Technology Company Common Stock,$4.28,-0.15,-3.386%,556271420.00,United States,,9285915,Basic Materials,Metal Mining
ABBV,AbbVie Inc. Common Stock,$218.71,-0.45,-0.205%,386544692865.00,United States,2012,4530758,Health Care,Biotechnology: Pharmaceutical Preparations
ABCB,Ameris Bancorp Common Stock,$73.85,0.17,0.231%,5065138725.00,United States,1994,379016,Finance,Major Banks
ABCL,AbCellera Biologics Inc. Common Shares,$4.03,0.12,3.069%,1187502094.00,Canada,2020,7160612,Health Care,Biotechnology: Pharmaceutical Preparations
ABEO,Abeona Therapeutics Inc. Common Stock,$4.23,0.03,0.714%,216908220.00,United States,,2451741,Health Care,Biotechnology: Pharmaceutical Preparations
ABEV,Ambev S.A. American Depositary Shares (Each representing 1 Common Share),$2.44,0.01,0.412%,38202004509.00,Brazil,2013,22335904,Consumer Staples,Beverages (Production/Distribution)
ABG,Asbury Automotive Group Inc Common Stock,$222.61,-4.00,-1.765%,4327662616.00,United States,2002,185959,Consumer Discretionary,Retail-Auto Dealers and Gas Stations
ABL,Abacus Global Management Inc. Class A Common Stock,$6.55,0.10,1.55%,633808287.00,United States,2020,1999313,Finance,Investment Managers
ABLLL,Abacus Global Management Inc. 9.875% Fixed Rate Senior Notes due 2028,$25.48,0.18,0.711%,1902116322.00,United States,,16431,Finance,Investment Managers
ABLV,Able View Global Inc. Class B Ordinary Shares,$0.788,-0.052,-6.19%,38919259.00,China,,7839,Consumer Discretionary,Other Consumer Services
ABLVW,Able View Global Inc. Warrant,$0.0237,-0.0005,-2.066%,1170541.00,China,,182364,Consumer Discretionary,Other Consumer Services
ABM,ABM Industries Incorporated Common Stock,$42.29,0.34,0.81%,2589581420.00,United States,,461084,Consumer Discretionary,Diversified Commercial Services
ABNB,Airbnb Inc. Class A Common Stock,$120.20,-0.68,-0.563%,73989080671.00,United States,2020,7480715,Consumer Discretionary,Diversified Commercial Services
ABOS,Acumen Pharmaceuticals Inc. Common Stock,$1.89,0.01,0.532%,114483773.00,United States,2021,122868,Health Care,Biotechnology: Biological Products (No Diagnostic Substances)
ABP,Abpro Holdings Inc Common Stock,$5.82,0.20,3.559%,15743100.00,United States,2022,29853,Health Care,Biotechnology: Pharmaceutical Preparations
ABPWW,Abpro Holdings Inc. Warrant,$0.019,0.0001,0.529%,51395.00,United States,2022,12918,Health Care,Biotechnology: Pharmaceutical Preparations
ABR,Arbor Realty Trust Common Stock,$9.25,0.02,0.217%,1810323374.00,United States,2004,5419651,Real Estate,Real Estate Investment Trusts
ABR^D,Arbor Realty Trust 6.375% Series D Cumulative Redeemable Preferred Stock Liquidation Preference $25.00 per Share,$17.72,0.01,0.056%,,United States,,16242,,
ABR^E,Arbor Realty Trust 6.25% Series E Cumulative Redeemable Preferred Stock,$17.30,0.1685,0.984%,,United States,,1724,,
ABR^F,Arbor Realty Trust 6.25% Series F Fixed-to-Floating Rate Cumulative Redeemable Preferred Stock Liquidation Preference $25.00 per share,$22.25,0.11,0.497%,,United States,,13255,,
ABSI,Absci Corporation Common Stock,$3.32,-0.015,-0.45%,496415188.00,United States,2021,3118439,Health Care,Biotechnology: Commercial Physical & Biological Resarch
ABT,Abbott Laboratories Common Stock,$125.89,-0.47,-0.372%,218906589408.00,United States,,4251615,Health Care,Biotechnology: Pharmaceutical Preparations
ABTC,American Bitcoin Corp. Class A Common Stock,$4.89,0.25,5.388%,4442996005.00,United States,2018,4154475,Technology,EDP Services
ABTS,Abits Group Inc Ordinary Shares,$6.18,0.23,3.866%,14647459.00,China,,31047,Technology,Computer Software: Programming Data Processing
ABUS,Arbutus Biopharma Corporation Common Stock,$4.59,0.09,2.00%,879897010.00,Canada,,997867,Health Care,Biotechnology: Pharmaceutical Preparations
ABVC,ABVC BioPharma Inc. Common Stock,$2.85,-0.06,-2.062%,69258104.00,United States,,48122,Health Care,Biotechnology: Pharmaceutical Preparations
ABVE,Above Food Ingredients Inc. Common Stock,$2.69,-0.04,-1.465%,137706071.00,Canada,,1911967,Consumer Staples,Packaged Foods
ABVEW,Above Food Ingredients Inc. Warrants,$0.9104,0.0552,6.455%,46605058.00,Canada,,56548,Consumer Staples,Packaged Foods
ABVX,Abivax SA American Depositary Shares,$106.12,0.85,0.807%,8245764150.00,France,2023,818259,Health Care,Biotechnology: Pharmaceutical Preparations
ACA,Arcosa Inc. Common Stock ,$100.05,0.97,0.979%,4906954751.00,United States,2018,137986,Industrials,Metal Fabrications
ACAD,ACADIA Pharmaceuticals Inc. Common Stock,$22.20,-0.37,-1.639%,3755836337.00,United States,1985,1431983,Health Care,Biotechnology: Pharmaceutical Preparations
ACB,Aurora Cannabis Inc. Common Shares,$4.67,0.12,2.637%,264806671.00,Canada,,1590046,Health Care, Medicinal Chemicals and Botanical Products 
ACCL,Acco Group Holdings Limited Ordinary Shares,$4.26,0.26,6.50%,59214000.00,Hong Kong,2025,28049,Consumer Discretionary,Professional Services
ACCO,Acco Brands Corporation Common Stock,$3.44,0.00,0.00%,310068298.00,United States,,821280,Consumer Discretionary,Publishing
ACCS,ACCESS Newswire Inc. Common Stock,$8.90,-0.1899,-2.089%,34432551.00,United States,,12472,Consumer Discretionary,Publishing
ACDC,ProFrac Holding Corp. Class A Common Stock,$4.015,-1.015,-20.179%,643524943.00,United States,2022,3751408,Energy,Oilfield Services/Equipment
ACEL,Accel Entertainment Inc. ,$10.41,0.23,2.259%,866194718.00,United States,2017,317418,Consumer Discretionary,Services-Misc. Amusement & Recreation
ACET,Adicet Bio Inc. Common Stock,$0.6569,0.0173,2.705%,100673591.00,United States,2018,1944486,Health Care,Biotechnology: Pharmaceutical Preparations
ACFN,Acorn Energy Inc. Common Stock,$15.87,0.74,4.891%,39748415.00,United States,,60272,Consumer Discretionary,Military/Government/Technical
ACGL,Arch Capital Group Ltd. Common Stock,$89.79,0.22,0.246%,32560182973.00,Bermuda,,2620098,Finance,Property-Casualty Insurers
ACGLN,Arch Capital Group Ltd. Depositary Shares each Representing a 1/1000th Interest in a 4.550% Non-Cumulative Preferred Share Series G,$17.57,0.12,0.688%,6371337731.00,Bermuda,,26816,Finance,Property-Casualty Insurers
ACGLO,Arch Capital Group Ltd. Depositary Shares Each Representing 1/1000th Interest in a Share of 5.45% Non-Cumulative Preferred Shares Series F,$21.13,-0.02,-0.095%,7662286070.00,Bermuda,,20395,Finance,Property-Casualty Insurers
ACHC,Acadia Healthcare Company Inc. Common Stock,$18.17,-1.34,-6.868%,1676330876.00,United States,,2521942,Health Care,Medical Specialities
ACHR,Archer Aviation Inc. Class A Common Stock,$8.45,0.27,3.301%,5503836038.00,United States,2020,69098501,Industrials,Aerospace
ACHV,Achieve Life Sciences Inc. Common Shares,$4.45,-0.14,-3.05%,236891247.00,United States,,605192,Health Care,Biotechnology: In Vitro & In Vivo Diagnostic Substances
ACI,Albertsons Companies Inc. Class A Common Stock,$17.48,-0.25,-1.41%,9601895624.00,United States,2020,10474438,Consumer Staples,Food Chains
ACIC,American Coastal Insurance Corporation Common Stock,$11.97,-0.17,-1.40%,583720665.00,United States,,196193,Finance,Property-Casualty Insurers
ACIU,AC Immune SA Common Stock,$3.35,0.05,1.515%,336374763.00,Switzerland,2016,102330,Health Care,Biotechnology: Pharmaceutical Preparations
ACIW,ACI Worldwide Inc. Common Stock,$47.48,-1.48,-3.023%,4894618525.00,United States,,885376,Technology,Computer Software: Prepackaged Software
ACLS,Axcelis Technologies Inc. Common Stock,$87.42,1.68,1.959%,2709944207.00,United States,2000,654528,Technology,Industrial Machinery/Components
ACLX,Arcellx Inc. Common Stock,$85.69,-0.86,-0.994%,4954841816.00,United States,2022,279597,Health Care,Biotechnology: Biological Products (No Diagnostic Substances)
ACM,AECOM Common Stock,$130.67,-0.08,-0.061%,17306732018.00,United States,2007,437384,Consumer Discretionary,Military/Government/Technical
ACMR,ACM Research Inc. Class A Common Stock,$32.95,1.85,5.949%,2137679060.00,United States,2017,2315766,Technology,Industrial Machinery/Components
ACN,Accenture plc Class A Ordinary Shares (Ireland),$244.55,-1.21,-0.492%,160955900973.00,Ireland,2001,2818519,Real Estate,Real Estate
ACNB,ACNB Corporation Common Stock,$47.89,0.91,1.937%,497328647.00,United States,,16759,Finance,Major Banks
ACNT,Ascent Industries Co. Common Stock,$12.69,0.00,0.00%,118839490.00,United States,,124772,Industrials,Steel/Iron Ore
ACOG,Alpha Cognition Inc. Common Stock,$6.26,0.54,9.441%,101166527.00,Canada,,56784,,
ACON,Aclarion Inc. Common Stock,$7.24,0.01,0.138%,4216366.00,United States,2022,20616,Health Care,Medical Specialities
ACONW,Aclarion Inc. Warrant,$0.0491,-0.001,-1.996%,28594.00,United States,2022,7541,Health Care,Medical Specialities
ACP,abrdn Income Credit Strategies Fund Common Shares,$5.50,-0.02,-0.362%,0.00,United States,2011,542223,Finance,Investment Managers
ACP^A,abrdn Income Credit Strategies Fund 5.250% Series A Perpetual Preferred Stock,$20.9799,0.0499,0.238%,,United States,,823,,
ACR,ACRES Commercial Realty Corp. Common Stock,$21.71,-0.28,-1.273%,158172113.00,United States,,17397,Real Estate,Real Estate Investment Trusts
ACR^C,ACRES Commercial Realty Corp. 8.625% Fixed-to-Floating Series C Cumulative Redeemable Preferred Stock ,$25.1399,0.0049,0.019%,,United States,,3470,,
ACR^D,ACRES Commercial Realty Corp. 7.875% Series D Cumulative Redeemable Preferred Stock,$22.20,0.07,0.316%,,United States,,1829,,
ACRE,Ares Commercial Real Estate Corporation Common Stock,$4.76,-0.30,-5.929%,261825480.00,United States,2012,948842,Real Estate,Real Estate Investment Trusts
ACRS,Aclaris Therapeutics Inc. Common Stock,$2.13,-0.19,-8.19%,230775359.00,United States,2015,1111393,Health Care,Biotechnology: Pharmaceutical Preparations
ACRV,Acrivon Therapeutics Inc. Common Stock,$2.03,0.15,7.979%,63854959.00,United States,2022,311576,Health Care,Biotechnology: Pharmaceutical Preparations
ACT,Enact Holdings Inc. Common Stock,$37.40,0.40,1.081%,5400401686.00,United States,2021,313426,Finance,Specialty Insurers
ACTG,Acacia Research Corporation (Acacia Tech) Common Stock,$3.65,0.09,2.528%,352080380.00,United States,,290586,Miscellaneous,Multi-Sector Companies
ACTU,Actuate Therapeutics Inc. Common stock,$5.90,-0.24,-3.909%,122396603.00,United States,2024,51870,Health Care,Biotechnology: Pharmaceutical Preparations
ACU,Acme United Corporation. Common Stock,$36.87,0.03,0.081%,140353914.00,United States,1988,6835,Consumer Discretionary,Industrial Machinery/Components
ACV,Virtus Diversified Income & Convertible Fund Common Shares of Beneficial Interest,$26.04,0.45,1.758%,269851322.00,United States,2015,34106,Finance,Finance/Investors Services
ACVA,ACV Auctions Inc. Class A Common Stock,$5.58,0.18,3.333%,960715436.00,United States,2025,9808285,Real Estate,Real Estate
ACXP,Acurx Pharmaceuticals Inc. Common Stock,$5.25,0.52,10.994%,8320069.00,United States,2021,67354,Health Care,Biotechnology: Pharmaceutical Preparations
AD,Array Digital Infrastructure Inc. Common Shares,$45.92,-0.44,-0.949%,3949120000.00,United States,1988,207997,Telecommunications,Telecommunications Equipment
ADAG,Adagene Inc. American Depositary Shares,$1.58,0.175,12.456%,74433097.00,China,2021,332360,Health Care,Biotechnology: Pharmaceutical Preparations
ADAM,Adamas Trust Inc. Common Stock,$7.03,0.03,0.429%,634863665.00,United States,,353194,Technology,Computer Software: Prepackaged Software
ADAMG,Adamas Trust Inc. 9.125% Senior Notes Due 2030,$25.20,0.01,0.04%,0.00,United States,,12814,Real Estate,Real Estate Investment Trusts
ADAMH,Adamas Trust Inc. 9.875% Senior Notes Due 2030,$25.56,0.14,0.551%,0.00,United States,,70675,Real Estate,Real Estate Investment Trusts
ADAMI,Adamas Trust Inc. 9.125% Senior Notes Due 2029,$25.14,0.015,0.06%,2277167348.00,United States,,11220,Real Estate,Real Estate Investment Trusts
